{"backend_name": "ibmq_armonk", "backend_version": "2.4.15", "qobj_id": "1b481faf-9617-4dba-af00-3ccfa5759619", "job_id": "6120044244b5bd925c6477ac", "success": true, "status": "Successful completion", "time_taken": 7.163640737533569, "results": [{"data": {"counts": {"0x0": 81, "0x1": 943}}, "header": {"clbit_labels": [["c", 0]], "creg_sizes": [["c", 1]], "global_phase": 0.0, "memory_slots": 1, "metadata": {}, "n_qubits": 1, "name": "circuit-24637", "qreg_sizes": [["q", 1]], "qubit_labels": [["q", 0]]}, "meas_level": 2, "memory": false, "shots": 1024, "success": true}], "date": "2021-08-20T19:37:27Z", "execution_id": "0894d5dc-01ee-11ec-b0af-b02628f7f59e", "header": {"backend_name": "ibmq_armonk", "backend_version": "2.4.15"}}