{"backend_name": "ibmq_quito", "backend_version": "1.1.7", "qobj_id": "d013271e-98fe-43c1-ba65-4c902952b5ba", "job_id": "611fe64644b5bd5b37647654", "success": true, "status": "Successful completion", "time_taken": 3.482888698577881, "results": [{"data": {"counts": {"0x0": 7, "0x1": 58, "0x2": 54, "0x3": 905}}, "header": {"clbit_labels": [["c", 0], ["c", 1]], "creg_sizes": [["c", 2]], "global_phase": 0.0, "memory_slots": 2, "metadata": {}, "n_qubits": 5, "name": "circuit-1609", "qreg_sizes": [["q", 5]], "qubit_labels": [["q", 0], ["q", 1], ["q", 2], ["q", 3], ["q", 4]]}, "meas_level": 2, "memory": false, "shots": 1024, "success": true}], "date": "2021-08-20T17:28:58Z", "execution_id": "17f5d59c-01dc-11ec-ae00-b02628f7f59e", "header": {"backend_name": "ibmq_quito", "backend_version": "1.1.7"}}