{"qobj_id":"d013271e-98fe-43c1-ba65-4c902952b5ba","header":{"backend_name":"ibmq_quito","backend_version":"1.1.7"},"config":{"shots":1024,"memory":false,"parameter_binds":[],"meas_level":2,"init_qubits":true,"memory_slots":2,"n_qubits":5},"schema_version":"1.3.0","type":"QASM","experiments":[{"config":{"n_qubits":5,"memory_slots":2},"header":{"qubit_labels":[["q",0],["q",1],["q",2],["q",3],["q",4]],"n_qubits":5,"qreg_sizes":[["q",5]],"clbit_labels":[["c",0],["c",1]],"memory_slots":2,"creg_sizes":[["c",2]],"name":"circuit-1609","global_phase":0.0,"metadata":{}},"instructions":[{"name":"x","qubits":[0]},{"name":"cx","qubits":[0,1]},{"name":"measure","qubits":[0],"memory":[0]},{"name":"measure","qubits":[1],"memory":[1]}]}]}