{"backend_name": "ibmq_quito", "backend_version": "1.1.7", "qobj_id": "82fb69f5-3314-4076-bc82-a497acc0ca4e", "job_id": "612007f30f0029e3874c26f5", "success": true, "status": "Successful completion", "time_taken": 3.754047393798828, "results": [{"data": {"counts": {"0x0": 483, "0x1": 25, "0x2": 36, "0x3": 480}}, "header": {"clbit_labels": [["c", 0], ["c", 1]], "creg_sizes": [["c", 2]], "global_phase": 0.7853981633974483, "memory_slots": 2, "metadata": {}, "n_qubits": 5, "name": "circuit-20535", "qreg_sizes": [["q", 5]], "qubit_labels": [["q", 0], ["q", 1], ["q", 2], ["q", 3], ["q", 4]]}, "meas_level": 2, "memory": false, "shots": 1024, "success": true}], "date": "2021-08-20T19:54:19Z", "execution_id": "65a8cd94-01f0-11ec-87ef-b02628f7f59e", "header": {"backend_name": "ibmq_quito", "backend_version": "1.1.7"}}