{"backend_name": "ibmq_armonk", "backend_version": "2.4.15", "qobj_id": "25866325-6fd4-46d0-b150-bf3b3cb1ac9a", "job_id": "6120052344b5bda1526477b9", "success": true, "status": "Successful completion", "time_taken": 7.228188991546631, "results": [{"data": {"counts": {"0x0": 949, "0x1": 75}}, "header": {"clbit_labels": [["c", 0]], "creg_sizes": [["c", 1]], "global_phase": 1.5707963267948966, "memory_slots": 1, "metadata": {}, "n_qubits": 1, "name": "circuit-14126", "qreg_sizes": [["q", 1]], "qubit_labels": [["q", 0]]}, "meas_level": 2, "memory": false, "shots": 1024, "success": true}], "date": "2021-08-20T19:41:21Z", "execution_id": "940fd486-01ee-11ec-901f-b02628f7f59e", "header": {"backend_name": "ibmq_armonk", "backend_version": "2.4.15"}}