{"qobj_id":"08c74d34-2149-4716-a8e3-0233e4ef6600","header":{"backend_name":"ibmq_armonk","backend_version":"2.4.15"},"config":{"shots":1024,"memory":false,"parameter_binds":[],"meas_level":2,"init_qubits":true,"memory_slots":1,"n_qubits":1},"schema_version":"1.3.0","type":"QASM","experiments":[{"config":{"n_qubits":1,"memory_slots":1},"header":{"qubit_labels":[["q",0]],"n_qubits":1,"qreg_sizes":[["q",1]],"clbit_labels":[["c",0]],"memory_slots":1,"creg_sizes":[["c",1]],"name":"circuit-19591","global_phase":-1.5707963267948963,"metadata":{}},"instructions":[{"name":"rz","params":[3.141592653589793],"qubits":[0]},{"name":"sx","qubits":[0]},{"name":"sx","qubits":[0]},{"name":"measure","qubits":[0],"memory":[0]}]}]}