{"backend_name": "ibmq_armonk", "backend_version": "2.4.15", "qobj_id": "08c74d34-2149-4716-a8e3-0233e4ef6600", "job_id": "6120053bf8acdc29794d3d12", "success": true, "status": "Successful completion", "time_taken": 7.128488302230835, "results": [{"data": {"counts": {"0x0": 80, "0x1": 944}}, "header": {"clbit_labels": [["c", 0]], "creg_sizes": [["c", 1]], "global_phase": -1.5707963267948963, "memory_slots": 1, "metadata": {}, "n_qubits": 1, "name": "circuit-19591", "qreg_sizes": [["q", 1]], "qubit_labels": [["q", 0]]}, "meas_level": 2, "memory": false, "shots": 1024, "success": true}], "date": "2021-08-20T19:41:34Z", "execution_id": "9bda53ee-01ee-11ec-879e-b02628f7f59e", "header": {"backend_name": "ibmq_armonk", "backend_version": "2.4.15"}}