{"backend_name": "simulator_stabilizer", "backend_version": "0.8.1", "date": "2021-08-20T19:34:51.681128", "header": {"backend_name": "simulator_stabilizer", "backend_version": "0.1.547"}, "job_id": "612003d8ddbd7bf1986caa4a", "metadata": {"max_gpu_memory_mb": 0, "max_memory_mb": 386975, "mpi_rank": 0, "num_mpi_processes": 1, "omp_enabled": true, "parallel_experiments": 1, "time_taken": 0.001754654}, "qobj_id": "8e2fcb6e-05af-42a2-9e2e-87c9a0044e09", "results": [{"data": {"counts": {"0x1": 1024}}, "header": {"clbit_labels": [["c", 0]], "creg_sizes": [["c", 1]], "global_phase": 0.0, "memory_slots": 1, "metadata": {}, "n_qubits": 1, "name": "circuit-29586", "qreg_sizes": [["q", 1]], "qubit_labels": [["q", 0]]}, "metadata": {"fusion": {"enabled": false}, "measure_sampling": true, "method": "stabilizer", "parallel_shots": 1, "parallel_state_update": 16}, "seed_simulator": 2888902150, "shots": 1024, "status": "DONE", "success": true, "time_taken": 0.001595379}], "status": "COMPLETED", "success": true, "time_taken": 0.001754654}