{"qobj_id":"8e2fcb6e-05af-42a2-9e2e-87c9a0044e09","header":{"backend_name":"simulator_stabilizer","backend_version":"0.1.547"},"config":{"shots":1024,"memory":false,"parameter_binds":[],"meas_level":2,"init_qubits":true,"memory_slots":1,"n_qubits":1,"method":"stabilizer"},"schema_version":"1.3.0","type":"QASM","experiments":[{"config":{"n_qubits":1,"memory_slots":1},"header":{"qubit_labels":[["q",0]],"n_qubits":1,"qreg_sizes":[["q",1]],"clbit_labels":[["c",0]],"memory_slots":1,"creg_sizes":[["c",1]],"name":"circuit-29586","global_phase":0.0,"metadata":{}},"instructions":[{"name":"y","qubits":[0]},{"name":"measure","qubits":[0],"memory":[0]}]}]}